SKU,Price,Title,Assets,Description,Brand,Category,Stock
ZG20-RED,4.6,Europa Interfacing Relay ZG20-RED,https://www.europa-plc.com/_uploads/europa/xZG20-RED_H_555_W_555.jpg.pagespeed.ic.8GwQuMxExv.webp,"
				LED indicator, Relay eject mechanism, 6mm wide din rail mounting",Europa,Accessories,100
ZG20-BLACK,4.6,Europa Interfacing Relay ZG20-BLACK,https://www.europa-plc.com/_uploads/europa/xZG20-BLACK_H_555_W_555.jpg.pagespeed.ic.8GwQuMxExv.webp,"
				LED indicator, Relay eject mechanism, 6mm wide din rail mounting",Europa,Accessories,100
TR2-D18321,31.29,Europa Contactor Overloads for TC1 & TP1 TR2-D18321,https://www.europa-plc.com/_uploads/europa/xTR2-D18321_H_555_W_555.jpg.pagespeed.ic.1hLbbJy0o2.webp,"
				Overload relays do not fit on TC1 contactors with 2N/O + 2N/C main pole contacts",Europa,Relays,100
TR2-D12316,25.97,Europa Contactor Overloads for TC1 & TP1 TR2-D12316,https://www.europa-plc.com/_uploads/europa/xTR2-D12316_H_555_W_555.jpg.pagespeed.ic.1hLbbJy0o2.webp,"
				Overload relays do not fit on TC1 contactors with 2N/O + 2N/C main pole contacts",Europa,Relays,100
TR2-D09310,24.45,Europa Contactor Overloads for TC1 & TP1 TR2-D09310,https://www.europa-plc.com/_uploads/europa/xTR2-D09310_H_555_W_555.jpg.pagespeed.ic.1hLbbJy0o2.webp,"
				Overload relays do not fit on TC1 contactors with 2N/O + 2N/C main pole contacts",Europa,Relays,100
TR2-D09307,24.45,Europa Contactor Overloads for TC1 & TP1 TR2-D09307,https://www.europa-plc.com/_uploads/europa/xTR2-D09307_H_555_W_555.jpg.pagespeed.ic.1hLbbJy0o2.webp,"
				Overload relays do not fit on TC1 contactors with 2N/O + 2N/C main pole contacts",Europa,Relays,100
TC1-D6511P7,111.99,Europa TC1 37kW 65A AC3 (80A AC1) 3 Pole Contactors TC1-D6511P7,https://www.europa-plc.com/_uploads/www.europa-plc.com/xTC1-D6511P7_H_555_W_555.jpg.pagespeed.ic.Ky4ryVxdbo.webp,"
				Made in India, Maximum rated operational voltage 690V",Europa,Contactors,100
TC1-D65004P7,174.64,Europa TC1 37kW 65A AC3 (80A AC1) 4 Pole Contactors TC1-D65004P7,https://www.europa-plc.com/_uploads/www.europa-plc.com/TC1-D65004P7_H_555_W_555.jpg,"
				Made in India, Maximum rated operational voltage 690V",Europa,Contactors,100
TC1-D40004P7,105.29,Europa TC1 22kW 40A AC3 (60A AC1) 4 Pole Contactors TC1-D40004P7,https://www.europa-plc.com/_uploads/www.europa-plc.com/xTC1-D40004P7_H_555_W_555.jpg.pagespeed.ic.Cj_wUYvnE6.webp,"
				Made in India, Maximum rated operational voltage 690V",Europa,Contactors,100
TC1-D3201P7,49.49,Europa TC1 15kW 32A AC3 (50A AC1) 3 Pole Contactors TC1-D3201P7,https://www.europa-plc.com/_uploads/www.europa-plc.com/xTC1-D3201P7_H_555_W_555.jpg.pagespeed.ic.LBJlG_ZI7E.webp,"
				Made in India, Maximum rated operational voltage 690V",Europa,Contactors,100
TC1-D2510P7,34.62,Europa TC1 11kW 25A AC3 (40A AC1) 3 Pole Contactors TC1-D2510P7,https://www.europa-plc.com/_uploads/www.europa-plc.com/xTC1-D2510P7_H_555_W_555.jpg.pagespeed.ic.LBJlG_ZI7E.webp,"
				Made in India, Maximum rated operational voltage 690V",Europa,Contactors,100
TC1-D1210P7,20.33,Europa TC1 5.5kW 12A AC3 (25A AC1) 3 Pole Contactors TC1-D1210P7,https://www.europa-plc.com/_uploads/www.europa-plc.com/xTC1-D1210P7_H_555_W_555.jpg.pagespeed.ic.LBJlG_ZI7E.webp,"
				Made in India, Maximum rated operational voltage 690V",Europa,Contactors,100
TA1-DN20,7.05,Europa Front Mounting Auxiliary Contact Block TA1-DN20,https://www.europa-plc.com/_uploads/europa/xTA1-DN20_H_555_W_555.jpg.pagespeed.ic.Uoa5_revjK.webp,"
				Rated Thermal Current 10A, Suitable for use with TC1-D, TP1-D & F range contactors (adding 33mm to the depth of the TC1-D & TP1-D range).",Europa,Contactors,100
TA1-DN20,7.05,Europa Front Mounting Auxiliary Contact Block TA1-DN20,https://www.europa-plc.com/_uploads/europa/xTA1-DN20_H_555_W_555.jpg.pagespeed.ic.Uoa5_revjK.webp,"
				Rated Thermal Current 10A, Suitable for use with TC1-D, TP1-D & F range contactors (adding 33mm to the depth of the TC1-D & TP1-D range).",Europa,Contactors,100
T081347,37.42,Europa MCCB Spread Terminal Covers T081347,https://www.europa-plc.com/_uploads/europa/xT081347_H_555_W_555.jpg.pagespeed.ic.XilCPzdmPN.webp,"
				E250 MCCB Extension Bars and IP2X Terminal Covers. Extension bars are terminal extensions and are used to connect large conductors and multiple conductors.",Europa,Accessories,100
T080463,28.36,Europa CBR Straight Terminal Covers T080463,https://www.europa-plc.com/_uploads/europa/xT080463_H_555_W_555.jpg.pagespeed.ic.XilCPzdmPN.webp,"
				E250 MCCB Extension Bars and IP2X Terminal Covers. Extension bars are terminal extensions and are used to connect large conductors and multiple conductors.",Europa,Accessories,100
T080432,26.35,Europa CBR Straight Terminal Covers T080432,https://www.europa-plc.com/_uploads/europa/T080432_H_555_W_555.jpg,"
				E250 MCCB Extension Bars and IP2X Terminal Covers. Extension bars are terminal extensions and are used to connect large conductors and multiple conductors.",Europa,Accessories,100
T065316,28.3,Europa MCCB Straight Terminal Covers T065316,https://www.europa-plc.com/_uploads/europa/xT065316_H_555_W_555.jpg.pagespeed.ic.XilCPzdmPN.webp,"
				E250 MCCB Extension Bars and IP2X Terminal Covers. Extension bars are terminal extensions and are used to connect large conductors and multiple conductors.",Europa,Accessories,100
T065255,26.33,Europa MCCB Straight Terminal Covers T065255,https://www.europa-plc.com/_uploads/europa/xT065255_H_555_W_555.jpg.pagespeed.ic.XilCPzdmPN.webp,"
				E250 MCCB Extension Bars and IP2X Terminal Covers. Extension bars are terminal extensions and are used to connect large conductors and multiple conductors.",Europa,Accessories,100
STBDR2MP,5.83,Europa Plain Top Hat Din Rail STBDR2MP,https://www.europa-plc.com/_uploads/europa/xSTBDR2MP_H_555_W_555.jpg.pagespeed.ic.yvHXUnIX7k.webp,,Europa,Accessories,100
SMP-60-24,45.37,Europa Switch Mode Power Supplies SMP-60-24,https://www.europa-plc.com/_uploads/europa/xSMP-60-24_H_555_W_555.jpg.pagespeed.ic.raWhVXc3wu.webp,"
				85 - 264V AC / 120 - 370V DC , Multiple input voltage range, Fully protected against overload and over voltage, Din rail mount, High load stability, Adjustable DC output + / - 10%, LED indication for power on",Europa,Power Supplies,100
SLA232,2.48,Europa Solid Link SLA232,https://www.europa-plc.com/_uploads/europa/SLA232_H_555_W_555.jpg,,Europa,Accessories,100
SISW325N,79.44,Europa IP67 Weatherproof Switched Interlocked Sockets SISW325N,https://www.europa-plc.com/_uploads/europa/xSISW325N_H_555_W_555.jpg.pagespeed.ic.dnrw-k3FFC.webp,"
				IP67 rated polycarbonate enclosure, 3 x M25 + 1 x M32 cable entries, 3 x M25 blanking plugs + 1 x M32 cable gland included, Quick turn screws reduces installation time, Padlockable in the OFF position",Europa,Interlocked Sockets,100
SISW324N,73.77,Europa IP67 Weatherproof Switched Interlocked Sockets SISW324N,https://www.europa-plc.com/_uploads/europa/xSISW324N_H_555_W_555.jpg.pagespeed.ic.dnrw-k3FFC.webp,"
				IP67 rated polycarbonate enclosure, 3 x M25 + 1 x M32 cable entries, 3 x M25 blanking plugs + 1 x M32 cable gland included, Quick turn screws reduces installation time, Padlockable in the OFF position",Europa,Interlocked Sockets,100
SISRAW325V,270.01,"Europa IP65/IP67 Interlocked Switch Sockets (RCCB Protected, Type A) SISRAW325V",https://www.europa-plc.com/_uploads/europa/xSISRAW325V_H_555_W_555.jpg.pagespeed.ic.LkFZy6E2z_.webp,"
				IP65/IP67, 4 pole 40A Type A 30mA RCCB pre-fitted, self-extinguishing & shock resistant thermoplastic, 4 cable inlets: M25 / M32 top, bottom & side entry, Inox screws resist chemical agents, Accepts IP67 plugs, Compact size, Includes spirit level",Europa,Interlocked Sockets,100
SISRAW165V,243.00,"Europa IP65/IP67 Interlocked Switch Sockets (RCCB Protected, Type A) SISRAW165V",https://www.europa-plc.com/_uploads/europa/xSISRAW165V_H_555_W_555.jpg.pagespeed.ic.LkFZy6E2z_.webp,"
				IP65/IP67, 4 pole 25A Type A 30mA RCCB pre-fitted, self-extinguishing & shock resistant thermoplastic, 4 cable inlets: M25 / M32 top, bottom & side entry, Inox screws resist chemical agents, Accepts IP67 plugs, Compact size, Includes spirit level",Europa,Interlocked Sockets,100
SISRAW164V,239.54,"Europa IP65/IP67 Interlocked Switch Sockets (RCCB Protected, Type A) SISRAW164V",https://www.europa-plc.com/_uploads/europa/xSISRAW164V_H_555_W_555.jpg.pagespeed.ic.LkFZy6E2z_.webp,"
				IP65/IP67, 2 pole 25A Type A 30mA RCCB pre-fitted, self-extinguishing & shock resistant thermoplastic, 4 cable inlets: M25 / M32 top, bottom & side entry, Inox screws resist chemical agents, Accepts IP67 plugs, Compact size, Includes spirit level",Europa,Interlocked Sockets,100
RCD13AMCA,47.20,Europa 13A RCD Sockets RCD13AMCA,https://www.europa-plc.com/_uploads/www.europa-plc.com/x7269071_H_555_W_555.jpg.pagespeed.ic.YaP4xBtLkg.webp,"
				Trip current 30mA / Trip speeD:40mS, ON/OFF indicator, Test facility, Mechanically latching (Passive), Sockets will not trip in the event of a power failure",Europa,Accessories,100
RCAS-SWK2,8.95,Europa Metal Key Operated Selector Switches (IP65) RCAS-SWK2,https://www.europa-plc.com/_uploads/europa/xRCAS-SWK2_H_555_W_555.jpg.pagespeed.ic.Bu6EKZEd1b.webp,"
				IP65 rated when installed",Europa,Accessories,100
RCAS-SW3,6.99,Europa Metal Standard Handle Selector Switches + Collar (IP65) RCAS-SW3,https://www.europa-plc.com/_uploads/europa/RCAS-SW3_H_555_W_555.jpg,"
				IP65 rated when installed",Europa,Accessories,100
RCAS-SW2,6.49,Europa Metal Standard Handle Selector Switches + Collar (IP65) RCAS-SW2,https://www.europa-plc.com/_uploads/europa/xRCAS-SW2_H_555_W_555.jpg.pagespeed.ic.dm3sLz5Zb8.webp,"
				IP65 rated when installed",Europa,Accessories,100
RCAS-PBP3,3.15,Europa Metal Projecting Push Button + Collar (IP65) RCAS-PBP3,https://www.europa-plc.com/_uploads/europa/xRCAS-PBP3_H_555_W_555.jpg.pagespeed.ic.oFA9YyK3jv.webp,"
				IP65 rated when installed",Europa,Accessories,100
RCAS-PBF5,2.73,Europa Metal Flush Push Button Head + Collar (IP65) RCAS-PBF5,https://www.europa-plc.com/_uploads/europa/xRCAS-PBF5_H_555_W_555.jpg.pagespeed.ic.OeXhXJpmQ7.webp,"
				IP65 Rated when Installed",Europa,Accessories,100
RCAS-PBF3,2.73,Europa Metal Flush Push Button Head + Collar (IP65) RCAS-PBF3,https://www.europa-plc.com/_uploads/europa/xRCAS-PBF3_H_555_W_555.jpg.pagespeed.ic.-xuzX7WTAc.webp,"
				IP65 Rated when Installed",Europa,Accessories,100
RCAS-PBF2,2.73,Europa Metal Flush Push Button Head + Collar (IP65) RCAS-PBF2,https://www.europa-plc.com/_uploads/europa/xRCAS-PBF2_H_555_W_555.jpg.pagespeed.ic.tOCt7PE7h7.webp,"
				IP65 Rated when Installed",Europa,Accessories,100
RCAS-ES564,12.73,Europa Metal Emergency Stop Buttons + Collar (Latching) (IP65) RCAS-ES564,https://www.europa-plc.com/_uploads/europa/xRCAS-ES564_H_555_W_555.jpg.pagespeed.ic.kicXuRK69n.webp,"
				IP65 Rated when Installed, 60mm Mushroom Head",Europa,Accessories,100
RCAS-ES542,8.23,Europa Metal Emergency Stop Buttons + Collar (Latching) (IP65) RCAS-ES542,https://www.europa-plc.com/_uploads/europa/xRCAS-ES542_H_555_W_555.jpg.pagespeed.ic.UxeXVd2AdI.webp,"
				IP65 rated when installed, 40mm mushroom head",Europa,Accessories,100
RCAS-ES54,5.97,Europa Metal Emergency Stop Buttons + Collar (Latching) (IP65) RCAS-ES54,https://www.europa-plc.com/_uploads/europa/xRCAS-ES54_H_555_W_555.jpg.pagespeed.ic.TtR5lbRssa.webp,"
				IP65 rated when installed, 40mm mushroom head",Europa,Accessories,100
RCAS-BG7,9.27,Europa Metal Key Operated Selector Switches (IP65) RCAS-BG7,https://www.europa-plc.com/_uploads/europa/xRCAS-BG7_H_555_W_555.jpg.pagespeed.ic.Bu6EKZEd1b.webp,"
				IP65 rated when installed",Europa,Accessories,100
RC-3M,25.42,Europa Metal Empty Control Stations (IP65) RC-3M,https://www.europa-plc.com/_uploads/www.europa-plc.com/xRC3M_H_555_W_555.jpg.pagespeed.ic.1HOCKQUN0v.webp,"
				IP65 rated when installed, Cable entry top & bottom, H:134 x W:68 x D:51mm",Europa,Accessories,100
RC2PGR,19.11,Europa 2 Position Plastic Control Station (IP65) RC2PGR,https://www.europa-plc.com/_uploads/europa/xRC2PGR_H_555_W_555.jpg.pagespeed.ic.16R84scEod.webp,"
				IP65 rated when installed",Europa,Accessories,100
RC-2M,23.18,Europa Metal Empty Control Stations (IP65) RC-2M,https://www.europa-plc.com/_uploads/www.europa-plc.com/xRC2M_H_555_W_555.jpg.pagespeed.ic.AUeaAZjv77.webp,"
				IP65 rated when installed, Cable entry top & bottom, H:104 x W:68 x D:51mm",Europa,Accessories,100
RB2-PY9330,1.78,Europa Accessories for 22.5mm Push Buttons RB2-PY9330,https://www.europa-plc.com/_uploads/www.europa-plc.com/xRB2-PY9330_H_555_W_555.jpg.pagespeed.ic.W47YnRwnJ6.webp,"
				Suitable for use with all 22mm diameter push buttons",Europa,Accessories,100
RAS-PB133,2.59,Europa Illuminated Flush Push-Button Head Only (IP65) RAS-PB133,https://www.europa-plc.com/_uploads/europa/xRAS-PB133_H_555_W_555.jpg.pagespeed.ic.bwblz-fGVp.webp,"
				IP65 rated when installed, Collar is supplied with the lamp holder",Europa,Accessories,100
RAS-LP06,2.08,Europa Lamp Head Only 22.5 mm RAS-LP06,https://www.europa-plc.com/_uploads/europa/xRAS-LP06_H_555_W_555.jpg.pagespeed.ic._fiCRZ6UsK.webp,"
				Collar is supplied with the lamp holder",Europa,Lamp,100
RAS-LP05,2.08,Europa Lamp Head Only 22.5 mm RAS-LP05,https://www.europa-plc.com/_uploads/europa/xRAS-LP05_H_555_W_555.jpg.pagespeed.ic.ByM_IshY3e.webp,"
				Collar is supplied with the lamp holder",Europa,Lamp,100
RAS-CBNC,2.14,Europa Auxiliary Contact Blocks RAS-CBNC,https://www.europa-plc.com/_uploads/europa/xRAS-CBNC_H_555_W_555.jpg.pagespeed.ic.9jJR2KmzCG.webp,"
				IP65 rated when installed",Europa,Accessories,100
RAS-BCBNC,2.14,Europa Auxiliary Contact Blocks RAS-BCBNC,https://www.europa-plc.com/_uploads/europa/xRAS-BCBNC_H_555_W_555.jpg.pagespeed.ic.8zDjz5EPqs.webp,"
				IP65 rated when installed, Rated up to 240V at 10A",Europa,Accessories,100
RAP2-BD3,6.45,Europa Plastic Weatherproof Stay Put Selector Switches + Mounting Clip (IP67) RAP2-BD3,https://www.europa-plc.com/_uploads/www.europa-plc.com/xRAP2-BD3_H_555_W_555.jpg.pagespeed.ic.0nPvgw5yuU.webp,"
				IP67 Rated when installed, Mounting clip included",Europa,Lamp,100
RADT225P,4.83,Europa 22mm LED With Lamp Test Facility (IP65) RADT225P,https://www.europa-plc.com/_uploads/europa/xRADT225P_H_555_W_555.jpg.pagespeed.ic.6OErbayIbN.webp,"
				IP65, Multi segment , Long life: 30,000 hours , Low temperature, 24V & 110V AC/DC , 230V AC , Complete with locking nut, Current rating 20mA",Europa,Lamp,100
RADT221P,4.83,Europa 22mm LED With Lamp Test Facility (IP65) RADT221P,https://www.europa-plc.com/_uploads/europa/xRADT221P_H_555_W_555.jpg.pagespeed.ic.qacqUE3q3i.webp,"
				IP65, Multi segment , Long life: 30,000 hours , Low temperature, 24V & 110V AC/DC , 230V AC , Complete with locking nut, Current rating 20mA",Europa,Lamp,100
RAD226P,2.44,Europa 22mm LED Pilot Lamps (IP65) RAD226P,https://www.europa-plc.com/_uploads/europa/xRAD226P_H_555_W_555.jpg.pagespeed.ic.JRzecEy4nn.webp,"
				IP65, Multi segment , Long life: 30,000 hours , Low temperature, 24V & 110V AC/DC , 230V AC , Complete with locking nut, Current rating 20mA",Europa,Lamp,100
RAD225P,2.44,Europa 22mm LED Pilot Lamps (IP65) RAD225P,https://www.europa-plc.com/_uploads/europa/xRAD225P_H_555_W_555.jpg.pagespeed.ic.d5A0INA0IX.webp,"
				IP65, Multi segment , Long life: 30,000 hours , Low temperature, 24V & 110V AC/DC , 230V AC , Complete with locking nut, Current rating 20mA",Europa,Lamp,100
RAD225F,2.44,Europa 22mm LED Pilot Lamps (IP65) RAD225F,https://www.europa-plc.com/_uploads/europa/xRAD225F_H_555_W_555.jpg.pagespeed.ic.d5A0INA0IX.webp,"
				IP65, Multi segment , Long life: 30,000 hours , Low temperature, 24V & 110V AC/DC , 230V AC , Complete with locking nut, Current rating 20mA",Europa,Lamp,100
RAD225B,2.44,Europa 22mm LED Pilot Lamps (IP65) RAD225B,https://www.europa-plc.com/_uploads/europa/xRAD225B_H_555_W_555.jpg.pagespeed.ic.d5A0INA0IX.webp,"
				IP65, Multi segment , Long life: 30,000 hours , Low temperature, 24V & 110V AC/DC , 230V AC , Complete with locking nut, Current rating 20mA",Europa,Lamp,100
RAD224F,2.44,Europa 22mm LED Pilot Lamps (IP65) RAD224F,https://www.europa-plc.com/_uploads/europa/xRAD224F_H_555_W_555.jpg.pagespeed.ic.2hd7_6ah1P.webp,"
				IP65, Multi segment , Long life: 30,000 hours , Low temperature, 24V & 110V AC/DC , 230V AC , Complete with locking nut, Current rating 20mA",Europa,Lamp,100
RAD223P,2.44,Europa 22mm LED Pilot Lamps (IP65) RAD223P,https://www.europa-plc.com/_uploads/europa/xRAD223P_H_555_W_555.jpg.pagespeed.ic.P_ZnbO_Z_C.webp,"
				IP65, Multi segment , Long life: 30,000 hours , Low temperature, 24V & 110V AC/DC , 230V AC , Complete with locking nut, Current rating 20mA",Europa,Lamp,100
RAD221P,2.44,Europa 22mm LED Pilot Lamps (IP65) RAD221P,https://www.europa-plc.com/_uploads/europa/xRAD221P_H_555_W_555.jpg.pagespeed.ic.hVC2Wmii-f.webp,"
				IP65, Multi segment , Long life: 30,000 hours , Low temperature, 24V & 110V AC/DC , 230V AC , Complete with locking nut, Current rating 20mA",Europa,Lamp,100
PIR6W-1P-230VAC,16.64,Europa Interfacing Relay PIR6W-1P-230VAC,https://www.europa-plc.com/_uploads/europa/xPIR6W-1P-230VAC_H_555_W_555.jpg.pagespeed.ic.CCgAjIQdWZ.webp,"
				LED indicator, Relay eject mechanism, 6mm wide din rail mounting",Europa,Relays,100
PB5322413,31.74,Europa IP67 Insulated Adaptable Boxes PB5322413,https://www.europa-plc.com/_uploads/europa/PB5322413_H_555_W_555.jpg,"
				IP67 IK10, ABS Box, Quick turn screws , Hinged lid, Mounting plate to be ordered separately",Europa,Accessories,100
PB5201514,23.94,Europa IP67 Insulated Adaptable Boxes PB5201514,https://www.europa-plc.com/_uploads/europa/PB5201514_H_555_W_555.jpg,"
				IP67 IK10, ABS Box, Quick turn screws , Hinged lid, Mounting plate to be ordered separately",Europa,Accessories,100
MS-SDS11N7MC,330.49,Europa Metal Clad Compact Star Delta Starters (IP54) MS-SDS11N7MC,https://www.europa-plc.com/_uploads/europa/xMS-SDS11N7MC_H_555_W_555.jpg.pagespeed.ic.SoBrSnw2wi.webp,"
				IP54 , Cover: RAL 7035 / Base: RAL 7012, Overload relays must be ordered separately , H:240 x W:310 x D:165mm",Europa,Accessories,100
MES50,11.32,Europa MES MES50,https://www.europa-plc.com/_uploads/europa/xMES50_H_555_W_555.jpg.pagespeed.ic._jlqD5U0Ux.webp,"
				Rated at 415V 80kA, 69 x 17.5mm",Europa,Fuse,100
MECU18SP17/80,105.71,Europa Metal Clad Consumer Unit (IP40) MECU18SP17/80,https://www.europa-plc.com/_uploads/europa/MECU18SP17-80_H_555_W_555.jpg,"
				IP40, Earth & neutral terminal bars included, Lift up stay put lid, Top & bottom round knockouts: 4 x 20mm + 1 x 25mm, Large enclosure for easy wiring (Busbar sold separately), H:240 x W:340 x D:105mm",Europa,Accessories,100
MEC4T,30.82,Europa Metal Clad Modular Enclosures (IP40) MEC4T,"data:image/webp;base64,UklGRkwLAABXRUJQVlA4IEALAABwfwCdASqBASsCPm02mUkkIqKiITEJEIANiWluvUlhb9fZK32YcEAZXfuaCxVLS7OtmdBcRUU9naFsLo8XQ6upMRywDwUoGHGkfBMUGOBMUmfCc+kz4JigkutHbEuy+lI6xMUEl1rEEmE8fPHZcnN56lmHHA9vjltNOVfTiY70gIwaR8ExBk+AC7M2QTIxBIDyetUzsfQ39WHV5ubOETM2fohWxE4lol2Buk6k2HUcVFXZcnMNduNR/L/3kFze8yKJ0ZY0W8BZ4zwrHppXox2Da5MfMBi+4TaBdF0en/S5ly57eAqDPWi4HNX0Yj55GNJnwS60c91GNjzjT6sO0j4incHtjDL7Iv3QR4MWUg9ainV/hLhEj7aHCFqU+V0DlM+MHrDjv2MZxxJcB1o4qFeB0riBXF5Bo5H9xQCIf9jkadUuMiUCvJzTjtgHCLdGEsPhh314Kk9eeEuOQb/DIhAjfXzk52KEb5g9eYbaZTPJyFx1MhaUXk7a+16QgwoAbGTRvN9rureCbESKlzSG6zSmR+ulSAwq6KI6/BMUGB/KFX+jX4a36BnSkmnGZ9N7nFLj5WeS/zzsWoJL9t4BZtvrBEo3eaHSvVP+GzUshdTkaggTROABFAjlXHOflPQSXZfQSfyofx3TwPdursXlGQoc5gEMScBapoB63lGGtqKX7Xtary1Sg0j7cjZcDjB/NwMDFQO2dzxShMSt8DKR8E/t0jYjQVSNQUESXZdGtcCExQSYTxlwb0vaYEnzZlmEumR2D4Yfmg1+1F1rQIzO9dUP/HHdY0EdlZXUvWQQax5p+UM0j4Tra/DXDVPUSJnNBHrZdOFXHI0ZhoVSjAZFcGfTksUx2pYU7aJDFhMXd1yLBesLGkfCXG/DXv0DFilkUb9JqkjrzHZ2G+ZOKgzd7G1KDZPhW15lRaJAoDhpHwlxvw179EP0nHc9VyUyeDrTOsJsIWEIKKVI6vBl4qBe8xFjQHbEwnjLiRbEdv60U86lQSZBEtSlh0XtzSSMPRkpu7gfIhGpCNU3HigxwWEZJEA9p/m0Bvk+mVLNhGMHPfJxdkEKbfL4WGMeC61m9ICT5MQBmwfXg21pa0El2FAdI+MVyJPPU+6CS5Wwz+KxpJ1n1SPTmKqSdCc+kyV07BWs8x3IhuZWYIkwnifqCv/6N8x9b0lrjrjMA9a0k8yc8YJxQSX7bA0gciZWZKVmzyAQEOKrPxeiOGuvLrRpxrq+3A/joR3FyNzZtwbkvE+3TqewQK0hPm/Xp2mdhYu++FkyjMBX6d/uEjMDfW9Ja6XFd5thlrSPgmKCS7NtSPhPrFBJkggutYgkwZsWutGkfBMUHnqCS60aSeYmKCS60aS3NJOBPFJYAAD+++fnfl5XrPIjyzjwcAHhEwugSgBLhl2YtY71feeyZM3vSGQskNMpo1bwYwCS7IML9yuQqk/GYBd8p3cX7yIMzBnIX3y7ISgXi+aeFphyN4JorG6JF6/fFErQwzyuIhoMegO22t7Ethm9u4fl7ov4Zxm3shUssWkZ0Ampg/cssZdGpN82ywYTAX6aORhTrJ9UH8Yh2g5nR0Himxd8E9Uh9nJJZ89Hi1Qc1Ejm6Jk58DVLSOUnT/dAa9S5gtwL0vKTCm2cKtPg67IZpJcr7De409TAaFgEdBx159l2dJqt5w/kgSpwOtSuIwVGLp0Ae5pFncCVNzHyhHFrxZsRIE/PBcEz1ZeGkAhaUrX8mCWTNqQv1oA2Fnzew7oXmCtbWv9M2j48FfgING/UuV69H1gx9Vb7VqFOnVzUaX/qLscRTzcZnLIYJgk8SvOaZMt1J4eoOBu81onD2xJOS19D2siBwKdoAJnHOkxUal2UioDE6LErzrXukItbf9i07yrUdQdqXkjIdYAghh68Rrw4vC/F2h29PaC02PVQ13hHmWYyZg0xNRddbbUylS/fySnxNSX5zus3n5w25cFEL85Cpc55pmWnr6nuNSN1VP+AnBFrczIG+2PnmDCZ6SRu3Feh4f5YIVIOInNIby7GNc8HbmswSaIHy7AsqaS8nQ++J9f0amLJrjTxxq9eQMTq10O2AWV+w+UindRUmGWXszGGrm1GfHs7jBR1PCMNszPzQJ06O8dvhum4IXYrvVJo8+LtE1xEMC5atwdAc+Qwf/21DYlO//ZMKaBfxlcrXxdZ8UI3fQ0Yg1OuWUyFawomyNNwGm0ilnJ2ydcGz1VyXUKMC2t5f2066Alw7mpMWSSkQ6iAPdppLqyOZyRkGAh0OnHJUucfPoRRXVGO77HjX6yoO/hgIlrEpoZnk4G3jYUje/rVM7bNivq0XDuR1z9rnLX3QVxzVTZ/Dk/W4bvFdywlagxvc2VpMxRyCGHU+oRWESiXxILIzPjmPLgDkSJWoyw9QgyiKOLhXEMdDpVO1ezxOyePqaToZ74mpnG6v1GP9hU2piIqu1TY6jHexKpPTnFnK30V+7KYR7nBoWG7AKrYReNuh6jvwDf6lGUhEgEjKL7f8G4D8DyS4cTCAdGHHMwhJ2t3pJcAzRRQUmCLHpXre/1isZr0P8gFaiUBZf2AFClrFrnQNS6IhERpm/ewDisweOK5W8GR3wJuDurIGj9Yc3dzDxtedpJXSpaUCMANDdidwX1/Ew5AjhS+PhOihFawgRQaM2RUwdZqC7K2c5u3JlQo2nyUkSjwPnBPBiX+rdub9JLgheMRTDbDSaBx7ECD46KNctO3gvkSakCBbAzh2L/In6tQXyy68mFeYN1yhTQfGEKapafVz2DrBq21XniPAk7a16G3Qdkz2ZqbJRMAp4r0luur01TYI/33f3SqeWflNVx2rct99h4ztfi6YitszYNy9QYy2gvl9AKhxgUhwagi8J3OC/28pbeu+IZw/s2qbBK3yUWVWDWM6NCg8rAqZTI2rsEoLBnK6V0lglNUTwkdACtTCyctOTlOVpiMTJJXwqot5Eu1qoU8k6Bl2y2T9kTjLHUEqIBMyLqIGsMAu4JobxqHo2o1GiRzPdZKHBP2vicefEGsdvhAFG3t63/mI2kzhUcSy5o9cYgl27kVwC6zuOhVbXSsvE52qmdVHtHY1VjscSuYu0OCsIcw3tnvD+AGU1zrY1rIih37GcAY4oMfv6SM5eUZ5T7d8iEZGnNtY/OLw6gKaY3hedtcAhZWFAWZ2BVmdD1DsAc/j2wbrQNqyuyl851630NJTdSX+x53PYBkh/btvNlLsbDnBpLSRqKZMRZ8ieS4wp5qHKwVvrP8OdyIy20tfSIHleIbPm+fHdXVLjcl96oCWCZtg7ILZdOvhBLDAreDWVQMBQGi/Q5zX2PnU9wPq5DbOeOfVkJche4LfbaWGFFYWIvwzyK797IKpThu2OYDwcgpeHjC+UhcEfIV0nlUThvSqOsHpw4ECDA4dMHB81xm/nNBoV9Uuu985ROZXVoE0IGeOb7cOnYrbsiEm2I4rAbRidbhk19zj0ZymRGMg8SXJePXalGFXQmlHZx6KInltFdj35Z8BCFeUGaouyro1W+N9imiZ2kXzqdYnXtvC2PNajlel7o4RUeJWT5q735FUFShy421E0r/5W70PedvwgzCiUP+24pwybYB0XFiz/eIrv8mCzgXocUlACqEJCdhimeAcW/0/V2KKBmLHqnLE9J+7qzMAY9ghhXke+jfq+ABOkCfnvYfB0JYmFc0BegG0D9xRnBqsACPwgshrStmCZXSgWOJ71Ih87IGj0oCDvGPBFlzvHC0ZN5MC76Uh4w3lCNyERDRvhO0gBh8tt+peddNQArJBAAJ0zzvVkDmerGEnn6xCdIH5YdH+nSXE5ZnKgq7xcYJy6nT9gCFAgAAAABdAAA=","
				IP40, Suitable for consumer unit tails (Cable), H:190 x W:115 x D:61mm (88mm inc lid)",Europa,Accessories,100
M20DW,0.58,Europa IP65 Metric Cable Glands M20DW,https://www.europa-plc.com/_uploads/europa/M20DW_H_555_W_555.jpg,"
				IP68 rated when used with neoprene washer (sold separately), Manufactured from nylon, Low smoke, Halogen free, Locking nut included, Dynamic state -20 C to +80 C, intermittent to +100 C",Europa,Cable Management,100
LX9-FGU,97.08,Europa AC Coils for LC1 Contactors LX9-FGU,https://www.europa-plc.com/_q/theme/ecommerce/php_theme_assets/whitebox_H_555_W_555.png,"
				50Hz / 60Hz available on request",Europa,Relays,100
LX9-FFU,68.62,Europa AC Coils for LC1 Contactors LX9-FFU,https://www.europa-plc.com/_q/theme/ecommerce/php_theme_assets/xwhitebox_H_555_W_555.png.pagespeed.ic.ccbkEC_Vp7.webp,"
				50Hz / 60Hz available on request",Europa,Relays,100
LX1-FHF,105.86,Europa AC Coils for LC1 Contactors LX1-FHF,https://www.europa-plc.com/_uploads/europa/LX1-FHF_H_555_W_555.jpg,"
				50Hz / 60Hz available on request",Europa,Relays,100
LP4XMV/2RED,39.13,Europa Low Profile Xenon Beacons LP4XMV/2RED,https://www.europa-plc.com/_uploads/europa/LP4XMV-2RED_H_555_W_555.jpg,"
				IP67 (When installed) , H:95mm / W:76mm, Flash rate 75 per min",Europa,Accessories,100
LP4XMV/2,39.13,Europa Low Profile Xenon Beacons LP4XMV/2,https://www.europa-plc.com/_uploads/europa/LP4XMV-2_H_555_W_555.jpg,"
				IP67 (When installed) , H:95mm / W:76mm, Flash rate 75 per min",Europa,Accessories,100
LE1-D123N7,49.10,Europa ABS Enclosed 2 Button DOL (IP65) LE1-D123N7,https://www.europa-plc.com/_uploads/europa/xLE1-D123N7_H_555_W_555.jpg.pagespeed.ic.og_dW0QOVy.webp,"
				Overload Relays must be ordered separately , H:150 x W:88 x D:120mm",Europa,Accessories,100
LC1-F1854A-A65,837.92,Europa 4 Pole / 4 Normally Open Contactors LC1-F1854A-A65,https://www.europa-plc.com/_uploads/europa/xLC1-F1854A-A65_H_555_W_555.jpg.pagespeed.ic.eGOPoGnxGr.webp,"
				Made in China, Maximum rated operational voltage 690V, Supplied with incoming and outgoing shrouds, Coil to be ordered separately",Europa,Accessories,100
LC1-F1154A-A65,432.33,Europa 4 Pole / 4 Normally Open Contactors LC1-F1154A-A65,https://www.europa-plc.com/_uploads/europa/xLC1-F1154A-A65_H_555_W_555.jpg.pagespeed.ic.eGOPoGnxGr.webp,"
				Made in China, Maximum rated operational voltage 690V, Supplied with incoming and outgoing shrouds, Coil to be ordered separately",Europa,Accessories,100
LBTS230,14.24,Europa Terminal Shrouds for Safe Switch Range LBTS230,https://www.europa-plc.com/_uploads/europa/xLBTS230_H_555_W_555.jpg.pagespeed.ic.mbPkHaqjI7.webp,"
				To provide IP20 terminal protection on the input and output terminals, Transparent terminal shrouds to assist in maintenance and inspection",Europa,Accessories,100
LBTS140,23.37,Europa Terminal Shrouds for Safe Switch Range LBTS140,https://www.europa-plc.com/_uploads/europa/LBTS140_H_555_W_555.jpg,"
				To provide IP20 terminal protection on the input and output terminals, Transparent terminal shrouds to assist in maintenance and inspection",Europa,Accessories,100
LBTS130,47.42,Europa Terminal Shrouds for Safe Switch Range LBTS130,https://www.europa-plc.com/_uploads/europa/xLBTS130_H_555_W_555.jpg.pagespeed.ic.mbPkHaqjI7.webp,"
				To provide IP20 terminal protection on the input and output terminals, Transparent terminal shrouds to assist in maintenance and inspection",Europa,Accessories,100
LBTS070,23.65,Europa Terminal Shrouds for Safe Switch Range LBTS070,https://www.europa-plc.com/_uploads/europa/xLBTS070_H_555_W_555.jpg.pagespeed.ic.vvnT2aG5D8.webp,"
				To provide IP20 terminal protection on the input and output terminals, Transparent terminal shrouds to assist in maintenance and inspection",Europa,Accessories,100
LBTS040,15.56,Europa Terminal Shrouds for Safe Switch Range LBTS040,https://www.europa-plc.com/_uploads/europa/xLBTS040_H_555_W_555.jpg.pagespeed.ic.vvnT2aG5D8.webp,"
				To provide IP20 terminal protection on the input and output terminals, Transparent terminal shrouds to assist in maintenance and inspection",Europa,Accessories,100
LBPM1003P,41.76,Europa Panel Mount Switch-Disconnector LBPM1003P,https://www.europa-plc.com/_uploads/europa/xLBPM1003P_H_555_W_555.jpg.pagespeed.ic.MvFEL4ZvEx.webp,"
				IEC & EN 60947-3, Padlockable in the OFF position for added security (For up to 3 padlocks), Use rubber gasket (LBGASKET) for IP65 rating - Sold separately, AC-22 switch ratings",Europa,Accessories,100
LBNLTS250A,23.88,Europa Neutral Link Terminal Shrouds for Safe Switch Range LBNLTS250A,"data:image/webp;base64,UklGRsQHAABXRUJQVlA4ILgHAABQcACdASorAisCPm02mEmkIyIkIXPIKIANiWlu8oOXiOhjpNnXbZqp/GJTvvr8jgr2pXKHoz9NXlddCDzAebD55m/YehB0ymR8fY46q7ndarBT70VkW2mW9UFxMAVZFtplvVBcMNoToW2mW9UFxL/NMAumOk/zTALpjpQBVkW2mVkfS4l/kf4Z4m9UFxMAVZEM7tplvVBcTAFWRbaZb1I3PNSWzpUNypL5AdPaiBMij+52Z2R+AqyLbTHtnisi20y3n1Jfa11jDhncqYblSAe/cqG52ZUw3PLBaKrysnsyphuVH8qYblR/PmGUzwD37lROg0H0Y8WMS0XhG7e4zx7F6Kw6nS/hjc7M89zsLsqG5UfyphuUUroAdnQyKq9PsfHpUw3Kj+VMOGj+l6ra9eGGaQDcy4XDwrMJhwzuVsjn72UpUv3Kj+VMNQKqdoVYQlri+90DaQaHZUw3Kj+VN72EMBCIse87T9RvG72Mp7NsyphueWRwOK25UfyphuVH0Q1NhRY0tjSAhguIh4KOmDRTx/cqP5UxOoTblR/KmG4dcg7yQ6mN5ZnY/ZTmPHpUw3Kj+VMOIYCFlDcqP5RkdmkZBSp583fQ0WU5BMRzdF6EyphuVk+akiOMYblR/KmBUUBBdKuO7XNKgZDWYTDcqP5Uw3PNSWzpUNyo+eBMYM8GeSRgPKaKVAF0lskRKtchSwuJNdMt5/ZlTDcqP5Ul2hNK0fUJIlfKPHVopiTlQ3Kj+VMOIY542DcqP5RoKMFIrwenEf2fno99zxptEFMP5WyLHwHP3svtUL/cqP5UlCbn+55O8yphuVH8qYnUJtyo/lTDcMzOMrvWEGh2VMNyo/lThbF5Q3Kj+VJQm54z0IrV2h5N5itjKhxDHSebp+e5UNyo+2LCHU73mSSeiAqH5Uw3Kj+fV6Kryo/lTAjKmswqSyujlKoDMW5UOGkisiuI/OoblR/KmG4ZpmbkZfwkWMvS3FAnoyphuVH8qYoW2mWRR/ho+GGmmV1UWMxT6Lr4M32uRfCE79/LVLuWFxL97KUqX7lR/KmG5Vw5R/KmG5Ufytkc82YGz3ryo/lTDcqP59ETm/8zXtjFC2yv3OzKm97Bo/pf+AfbBlbyhuVH89DxevDKmHEL/cqP5WxlQ3Kj+VOE252ZU4Px5HCdCGVDcqP5UxOnvXnZlTDiDlH8+r0VkQyooRHQBVXnaPAAAP7/xcUcwsf4AAAAAAAAAAAAAADX/tOyRP/1h2UWBDSu6dlKlhn1oJawzBNH6HT3gRLgVB8qpTe56G2eUhK56AHZzthhf7e6MFlpDXK6YgKI7PsHrD77nxIdim4r6zHpMoeDzLFeqZICp63+x1hwpflYFdEEg0fY+/zIb0OqyzYQazari0mnpWapnw4XW+cuRfABukXT0PotMQMWIrlCwrw/vNQ0CTgJPq8SRboAYD8VCMyhgWsF67Rvhx1A2+heF0aAHl6z2pSz4Y8K5HBZAAxw2/wpnJCMcK5LbCgLkO/lBp8xv2tcb5OZfHfhWw7BPwDiwZyPIFuAA+UEaqGcSXWztrk8CSQNL5TuczzAmWUnADdVC7kHnte+ZLGVR4r/MA40UFCawydN9XCtZO3+WgEIEbTDNmFIrbrOWULNVokXQ+MehjlWIPbi96bA8uO0Vu/QbkKiPZbEeLqaGi6KT7UafvkdJ8s1FOfqiyczk1I5jJKM4hFnaRsrYUyRyrq+KUW6UcD9QXEazLr4b+y6rByLzqErLottXSAkWtSkSzYzbnDwPKlCVR2OOOsT/jdyGz2lT8L4RiIlEwzTDwXHPpYJieZK5hlUOmOZXmkAyf9qL+SKQhMevDRw5wbGq/xhzfnHLn8hRmXO1l1Iz/nqaOe0fpauzpe7cDIuZdA8G6/NWxb45PRdW8JoBa+UBlNcxebpDAqlgXyglNOBWnEDd16lDcU2K3PIAkP5D4DNmm9uBsZQfzc0eXPYvrcMthGfTrFgthzCCttOmUmHiaJxSp6l5ub805NFIc4VcwyxlovjOYDQC7TPeHoJP/U1dPGyVgTr+nh3MfuJsQRqI9O/Gy6Umn1WrnYtGAH2nQM/5d7M2CbE7smOTAKZztK+pURu7JdWsCRC2EI/4odCaDhA33cUEdEuDs2vdMuy7hjQVAjMdl6mVbv+ZSazsI8HEZ1POxaLjpPi78N+OYs1fcTo1AIgJPzQuIgKc9V8YPHdD1YR0ZiQXbcR1PhFx2+MkkdAxpBh9XfhsCLuwMbUaAPIHkPhmgKVhmrvBW46LoMCcjtGKEQBII9jJaWUgExbY8ki5Y99RBk3AmOh7BfGO0Z2LXn8R+moFIYrKQSwA6MHNHJaFsxJmuhsSD4Wri9zsSbfRMMgCVh3UKHUweR0kH1/WLNYRsEYoH7zNsWvlc/+zWpLOFU+GaNbLaEAGHYnMpKKqIImg5lfs3xS20jU2xE/xMqAXJAaA/ImlZXt9KAtX9uwqpnwKxr/7gli7q/Lb4iwHgstbVO0e9AQyNgMw3fP/t//DkdNwf5Cx4xf7R9650P13yf5fKb75bksU4GrLUmpIGyXzFkAnj0D6jAjMXDh1Tt4/RL7/zIaBZU2e4m0TNh0cH9FNEk2fITdH4xAjwAvgYAAAAAAAAAAAAAAAA==","
				Neutral link terminal shrouds, Material: Polyamide 6, Flammability: UL94-VO, IP Rating: Neutral link plus shroud IP2X",Europa,Accessories,100
LBGASKET,1.90,Europa Rubber Gasket LBGASKET,https://www.europa-plc.com/_uploads/www.europa-plc.com/x6197b117091dc-LBGASKET_H_555_W_555.jpg.pagespeed.ic.3IGBACzBrU.webp,"
				For use with panel mount & door interlock devices to improve ingress protection rating to IP65 on OEM installations",Europa,Accessories,100
LBFD8003PSN,"1,769.34",Europa 3 Pole + Sw. Neutral Door Interlocked BS88 Switch Fuses LBFD8003PSN,https://www.europa-plc.com/_uploads/www.europa-plc.com/xLBFD8003PSN_H_555_W_555.jpg.pagespeed.ic.c2IVxqY_Kd.webp,"
				Handle padlockable in the OFF position, Handle with defeat mechanism, Fuses fully isolated (Top & bottom) for safe replacement, Fuse covers fitted, Supplied with IP65 door handle and shaft, Lug terminals, Terminal shrouds sold separately",Europa,Accessories,100
LBFD2003PSN,595.24,Europa 3 Pole + Sw. Neutral Door Interlocked BS88 Switch Fuses LBFD2003PSN,https://www.europa-plc.com/_uploads/europa/xLBFD2003PSN_H_555_W_555.jpg.pagespeed.ic.O5NjLGXxe4.webp,"
				Handle padlockable in the OFF position, Handle with defeat mechanism, Fuses fully isolated (Top & bottom) for safe replacement, Fuse covers fitted, Supplied with IP65 door handle and shaft, Lug terminals, Terminal shrouds sold separately",Europa,Switch Disconnector,100
LBFD1603PSN,585.38,Europa 3 Pole + Sw. Neutral Door Interlocked BS88 Switch Fuses LBFD1603PSN,https://www.europa-plc.com/_uploads/europa/xLBFD1603PSN_H_555_W_555.jpg.pagespeed.ic.O5NjLGXxe4.webp,"
				Handle padlockable in the OFF position, Handle with defeat mechanism, Fuses fully isolated (Top & bottom) for safe replacement, Fuse covers fitted, Supplied with IP65 door handle and shaft, Lug terminals, Terminal shrouds sold separately",Europa,Switch Disconnector,100
LBF1253PSNME,699.30,Europa 3 Pole + Sw. Neutral Metal Enclosed BS88 Switch Fuses (IP65) LBF1253PSNME,https://www.europa-plc.com/_uploads/europa/xLBF1253PSNME_H_555_W_555.jpg.pagespeed.ic.ylTZcZo8nN.webp,"
				IP65, RAL 7035, Handle padlockable in the OFF position, 3 position switch (centre OFF), Switched neutral contact (early make/late break), Top & bottom gland plates, Door interlock with defeat mechanism, Lug terminals, H:500 x W:400 x D:200mm",Europa,Switch Disconnector,100
LBES020,17.33,Europa Extended Shaft for Safe Switch Range LBES020,https://www.europa-plc.com/_uploads/europa/xLBES020_H_555_W_555.jpg.pagespeed.ic.LUpcf2y9Ap.webp,"
				Specially designed for use with the Safe Switch range of door interlocked switch-disconnector, BS88 switch fuse and changeover switches., These extended shafts assist the installation of the switches into deep enclosures and panel boards.",Europa,Accessories,100
LBES010,15.67,Europa Extended Shaft for Safe Switch Range LBES010,https://www.europa-plc.com/_uploads/europa/xLBES010_H_555_W_555.jpg.pagespeed.ic.LUpcf2y9Ap.webp,"
				Specially designed for use with the Safe Switch range of door interlocked switch-disconnector, BS88 switch fuse and changeover switches., These extended shafts assist the installation of the switches into deep enclosures and panel boards.",Europa,Accessories,100
LBDI806P,94.35,Europa 6 Pole Door Interlock with Metal Shaft LBDI806P,https://www.europa-plc.com/_uploads/europa/xLBDI806P_H_555_W_555.jpg.pagespeed.ic.amHAQhJfG2.webp,"
				Padlockable in the OFF position, Rear mount or snap on din rail mount (35mm), Shaft Length 94mm, Shaft 8mm across flats (Hexagonal), Use rubber gasket (LBGASKET) for IP65 rating, AC-22 switch rating, Shaft can be cut down",Europa,Switch Disconnector,100
LBDI636P,64.73,Europa 6 Pole Door Interlock with Metal Shaft LBDI636P,https://www.europa-plc.com/_uploads/europa/xLBDI636P_H_555_W_555.jpg.pagespeed.ic.amHAQhJfG2.webp,"
				Padlockable in the OFF position, Rear mount or snap on din rail mount (35mm), Shaft Length 94mm, Shaft 8mm across flats (Hexagonal), Use rubber gasket (LBGASKET) for IP65 rating, AC-22 switch rating, Shaft can be cut down",Europa,Switch Disconnector,100
LBDI633P,35.21,Europa 3 Pole Door Interlock with Metal Shaft LBDI633P,https://www.europa-plc.com/_uploads/europa/xLBDI633P_H_555_W_555.jpg.pagespeed.ic.ywvqLKyCfs.webp,"
				Padlockable in the OFF position, Rear mount or snap on din rail mount (35mm), Shaft Length 282mm, Shaft 8mm across flats (Hexagonal) / length 282mm, Use rubber gasket (LBGASKET) for IP65 rating, AC-22 switch rating, Shaft can be cut down",Europa,Switch Disconnector,100
LBDI403P,30.51,Europa 3 Pole Door Interlock with Metal Shaft LBDI403P,https://www.europa-plc.com/_uploads/europa/xLBDI403P_H_555_W_555.jpg.pagespeed.ic.ywvqLKyCfs.webp,"
				Padlockable in the OFF position, Rear mount or snap on din rail mount (35mm), Shaft Length 282mm, Shaft 8mm across flats (Hexagonal) / length 282mm, Use rubber gasket (LBGASKET) for IP65 rating, AC-22 switch rating, Shaft can be cut down",Europa,Switch Disconnector,100
LBDI326P,58.02,Europa 6 Pole Door Interlock with Metal Shaft LBDI326P,https://www.europa-plc.com/_uploads/europa/xLBDI326P_H_555_W_555.jpg.pagespeed.ic.amHAQhJfG2.webp,"
				Padlockable in the OFF position, Rear mount or snap on din rail mount (35mm), Shaft Length 94mm, Shaft 8mm across flats (Hexagonal), Use rubber gasket (LBGASKET) for IP65 rating, AC-22 switch rating, Shaft can be cut down",Europa,Switch Disconnector,100
LBDI323P,27.49,Europa 3 Pole Door Interlock with Metal Shaft LBDI323P,https://www.europa-plc.com/_uploads/europa/xLBDI323P_H_555_W_555.jpg.pagespeed.ic.ywvqLKyCfs.webp,"
				Padlockable in the OFF position, Rear mount or snap on din rail mount (35mm), Shaft Length 282mm, Shaft 8mm across flats (Hexagonal) / length 282mm, Use rubber gasket (LBGASKET) for IP65 rating, AC-22 switch rating, Shaft can be cut down",Europa,Switch Disconnector,100
LBDI256P,52.32,Europa 6 Pole Door Interlock with Metal Shaft LBDI256P,https://www.europa-plc.com/_uploads/europa/xLBDI256P_H_555_W_555.jpg.pagespeed.ic.amHAQhJfG2.webp,"
				Padlockable in the OFF position, Rear mount or snap on din rail mount (35mm), Shaft Length 94mm, Shaft 8mm across flats (Hexagonal), Use rubber gasket (LBGASKET) for IP65 rating, AC-22 switch rating, Shaft can be cut down",Europa,Switch Disconnector,100
LBDI253P,22.94,Europa 3 Pole Door Interlock with Metal Shaft LBDI253P,https://www.europa-plc.com/_uploads/europa/xLBDI253P_H_555_W_555.jpg.pagespeed.ic.ywvqLKyCfs.webp,"
				Padlockable in the OFF position, Rear mount or snap on din rail mount (35mm), Shaft Length 282mm, Shaft 8mm across flats (Hexagonal) / length 282mm, Use rubber gasket (LBGASKET) for IP65 rating, AC-22 switch rating, Shaft can be cut down",Europa,Switch Disconnector,100
LBDI1253P,55.86,Europa 3 Pole Door Interlock with Metal Shaft LBDI1253P,https://www.europa-plc.com/_uploads/europa/xLBDI1253P_H_555_W_555.jpg.pagespeed.ic.ywvqLKyCfs.webp,"
				Padlockable in the OFF position, Rear mount or snap on din rail mount (35mm), Shaft Length 282mm, Shaft 8mm across flats (Hexagonal) / length 282mm, Use rubber gasket (LBGASKET) for IP65 rating, AC-22 switch rating, Shaft can be cut down",Europa,Switch Disconnector,100
LBDI1003P,48.71,Europa 3 Pole Door Interlock with Metal Shaft LBDI1003P,https://www.europa-plc.com/_uploads/europa/xLBDI1003P_H_555_W_555.jpg.pagespeed.ic.ywvqLKyCfs.webp,"
				Padlockable in the OFF position, Rear mount or snap on din rail mount (35mm), Shaft Length 282mm, Shaft 8mm across flats (Hexagonal) / length 282mm, Use rubber gasket (LBGASKET) for IP65 rating, AC-22 switch rating, Shaft can be cut down",Europa,Switch Disconnector,100
LBD8003PSN,827.49,Europa 3 Pole + Sw. Neutral Door Interlocked Switch-Disconnectors LBD8003PSN,https://www.europa-plc.com/_uploads/europa/xLBD8003PSN_H_555_W_555.jpg.pagespeed.ic.ZHAaCG1aLj.webp,"
				EN 60947-3, Supplied with IP56 door handle and saft, Handle padlockable in the OFF position (up to 3 padlocks), Handle with defeat mechanism (for authorised personnel only), Terminal shrouds sold seperately, All AC ratings 400V (415V), Lug Terminals",Europa,Switch Disconnector,100
LBD6303P,467.98,Europa 3 Pole Door Interlocked Switch-Disconnectors LBD6303P,https://www.europa-plc.com/_uploads/europa/xLBD6303P_H_555_W_555.jpg.pagespeed.ic.wMaN5yqPvD.webp,"
				EN 60947-3, Supplied with IP65 door handle and shaft, Handle padlockable in the OFF position for up to 3 padlocks, Handle with defeat mechanism (for authorised personnel only) , Terminal shrouds sold separately, All AC ratings 400V (415V), Lug Terminals",Europa,Switch Disconnector,100
LBD2503P,205.88,Europa 3 Pole Door Interlocked Switch-Disconnectors LBD2503P,https://www.europa-plc.com/_uploads/europa/xLBD2503P_H_555_W_555.jpg.pagespeed.ic.LXsR8bSr34.webp,"
				EN 60947-3, Supplied with IP65 door handle and shaft, Handle padlockable in the OFF position for up to 3 padlocks, Handle with defeat mechanism (for authorised personnel only) , Terminal shrouds sold separately, All AC ratings 400V (415V), Lug Terminals",Europa,Switch Disconnector,100
LBD10003PSN,"1,400.90",Europa 3 Pole + Sw. Neutral Door Interlocked Switch-Disconnectors LBD10003PSN,https://www.europa-plc.com/_uploads/europa/LBD10003PSN_H_555_W_555.jpg,"
				EN 60947-3, Supplied with IP56 door handle and saft, Handle padlockable in the OFF position (up to 3 padlocks), Handle with defeat mechanism (for authorised personnel only), Terminal shrouds sold seperately, All AC ratings 400V (415V), Lug Terminals",Europa,Switch Disconnector,100
LBCD8003PSN,"1,826.18",Europa 3 Pole + Sw. Neutral Door Interlocked Changeover Switches LBCD8003PSN,https://www.europa-plc.com/_uploads/europa/xLBCD8003PSN_H_555_W_555.jpg.pagespeed.ic.KsNGWilheF.webp,"
				C/w IP65 door handle and shaft, Handle padlockable in the OFF position, Handle with defeat mechanism, Neutral switch contact early make / late break, Terminal shrouds supplied separately, Break before make 3 position switch - centre OFF, Lug terminals",Europa,Switch Disconnector,100
LBCD6303PSN,"1,343.78",Europa 3 Pole + Sw. Neutral Door Interlocked Changeover Switches LBCD6303PSN,https://www.europa-plc.com/_uploads/europa/xLBCD6303PSN_H_555_W_555.jpg.pagespeed.ic.KsNGWilheF.webp,"
				C/w IP65 door handle and shaft, Handle padlockable in the OFF position, Handle with defeat mechanism, Neutral switch contact early make / late break, Terminal shrouds supplied separately, Break before make 3 position switch - centre OFF, Lug terminals",Europa,Switch Disconnector,100
LBCD4003PSN,925.62,Europa 3 Pole + Sw. Neutral Door Interlocked Changeover Switches LBCD4003PSN,https://www.europa-plc.com/image.php?imagefile=_uploads/www.europa-plc.com/Screenshot20220928123227.png&resizetoHeight=555&resizetoWidth=555&comp=_uploads/www.europa-plc.com/Screenshot20220928123227_H_555_W_555.png,"
				



C/w IP65 door handle and shaft, Handle padlockable in the OFF position, Handle with defeat mechanism, Neutral switch contact early make / late break, Terminal shrouds supplied separately, Break before make 3 position switch - centre OFF, Lug terminals",Europa,Switch Disconnector,100
LBCD3153PSN,818.78,Europa 3 Pole + Sw. Neutral Door Interlocked Changeover Switches LBCD3153PSN,https://www.europa-plc.com/_uploads/europa/xLBCD3153PSN_H_555_W_555.jpg.pagespeed.ic.KsNGWilheF.webp,"
				C/w IP65 door handle and shaft, Handle padlockable in the OFF position, Handle with defeat mechanism, Neutral switch contact early make / late break, Terminal shrouds supplied separately, Break before make 3 position switch - centre OFF, Lug terminals",Europa,Switch Disconnector,100
LBCD2503PSN,713.13,Europa 3 Pole + Sw. Neutral Door Interlocked Changeover Switches LBCD2503PSN,https://www.europa-plc.com/_uploads/europa/xLBCD2503PSN_H_555_W_555.jpg.pagespeed.ic.KsNGWilheF.webp,"
				C/w IP65 door handle and shaft, Handle padlockable in the OFF position, Handle with defeat mechanism, Neutral switch contact early make / late break, Terminal shrouds supplied separately, Break before make 3 position switch - centre OFF, Lug terminals",Europa,Switch Disconnector,100
LBAC16RM2NO,7.74,Europa Volt Free Contact LBAC16RM2NO,https://www.europa-plc.com/_uploads/europa/xLBAC16RM2NO_H_555_W_555.jpg.pagespeed.ic.RrCD57Nm8z.webp,"
				IEC & EN60947-3, Rear mount for door interlocked & enclosed switch-disconnectors, Volt free contacts rated at AC-15 6A 230V / 4A 415V, Maximum terminal capacity 1.5mm2",Europa,Contact Blocks,100
LBAC16RM,7.74,Europa Volt Free Contact LBAC16RM,https://www.europa-plc.com/_uploads/europa/xLBAC16RM_H_555_W_555.jpg.pagespeed.ic.TLYF4kngRn.webp,"
				IEC & EN60947-3, Rear mount for door interlocked & enclosed switch-disconnectors, Volt free contacts rated at AC-15 6A 230V / 4A 415V, Maximum terminal capacity 1.5mm2",Europa,Contact Blocks,100
LBAC040,46.02,Europa Auxiliary Contacts for Safe Switch Range LBAC040,https://www.europa-plc.com/_uploads/europa/xLBAC040_H_555_W_555.jpg.pagespeed.ic.nRqk0G5hlc.webp,"
				Complete with fixings, 16A resistive loads, 4A inductive loads at 240V AC",Europa,Contact Blocks,100
LBAC030,17.71,Europa Auxiliary Contacts for Safe Switch Range LBAC030,https://www.europa-plc.com/_uploads/europa/xLBAC030_H_555_W_555.jpg.pagespeed.ic.sQvScIYMJ6.webp,"
				Complete with fixings, 16A resistive loads, 4A inductive loads at 240V AC",Europa,Contact Blocks,100
LBAC020,40.62,Europa Auxiliary Contacts for Safe Switch Range LBAC020,https://www.europa-plc.com/_uploads/europa/xLBAC020_H_555_W_555.jpg.pagespeed.ic.nRqk0G5hlc.webp,"
				Complete with fixings, 16A resistive loads, 4A inductive loads at 240V AC",Europa,Contact Blocks,100
LB636P,158.81,Europa 6 Pole Steel Enclosed Switch-Disconnectors (IP65) LB636P,https://www.europa-plc.com/_uploads/europa/xLB636P_H_555_W_555.jpg.pagespeed.ic.MdhonxAQZB.webp,"
				IP65, IEC & EN 60947-3, Padlockable in the OFF position for added security (For up to 3 padlocks), Epoxy powder coated steel RAL 7035, 63A upwards bottom gland plate only, All switch ratings at AC-22 - See page for technical data, H:400 x W:300 x D:200mm",Europa,Switch Disconnector,100
LB634P,31.45,Europa 4 Pole Switch Disconnector (IP65) LB634P,https://www.europa-plc.com/_uploads/europa/xLB634P_H_555_W_555.jpg.pagespeed.ic.4zBH9fpUZh.webp,"
				IP65, 25mm cable entries, Robust polycarbonate enclosure, UV resistant, Enclosure glow wire flammability rating 960 C, Halogen free, Lower smoke generation, Padlockable in the OFF position, AC-21 Switch Rating, H:175 x W:125 x D:90mm",Europa,Switch Disconnector,100
LB324PBB,31.27,Europa 4 Pole Larger Enclosured Switch-Disconnector (IP65) LB324PBB,https://www.europa-plc.com/_uploads/europa/xLB324PBB_H_555_W_555.jpg.pagespeed.ic.4zBH9fpUZh.webp,"
				IP65, 25mm cable entries, Robust resilient polycarbonate enclosure, UV resistant, Enclosure glow wire flammability rating 960 C, Padlockable in the OFF position for added security, AC-21 Switch Rating, H:175 x W:125 x D:90mm",Europa,Switch Disconnector,100
LB324P,21.48,Europa 4 Pole Enclosed Switch-Disconnectors (IP65) LB324P,https://www.europa-plc.com/_uploads/europa/xLB324P_H_555_W_555.jpg.pagespeed.ic.UVprzC4Tag.webp,"
				IP65, 20mm cable entries, Robust polycarbonate enclosure, UV resistant, Enclosure glow wire flammability rating 960 C, Halogen free, Lower smoke generation, Padlockable in the OFF position, AC-21 Switch Rating, H:125 x W:100 x D:74mm",Europa,Switch Disconnector,100
LB323P,22.41,Europa 3 Pole Enclosed Switch-Disconnectors (IP65) LB323P,https://www.europa-plc.com/_uploads/europa/xLB323P_H_555_W_555.jpg.pagespeed.ic.UVprzC4Tag.webp,"
				IP65, 20mm Cable Entries, Robust Polycarbonate, UV Resistant, Enclosure Glow Wire flammability Rating 960 C, Halogen Free, Lower Smoke Generation, Padlockable in the OFF Position, H:125 x W:100 x D:74mm",Europa,Switch Disconnector,100
LB263MAINPOLE,4.96,Europa Main Pole (Rear Mounting) LB263MAINPOLE,https://www.europa-plc.com/_uploads/europa/xLB263MAINPOLE_H_555_W_555.jpg.pagespeed.ic.Sbq04qRghg.webp,"
				IEC & EN 60947-3, Main pole for when an additional pole is required, Rear mount for door interlock and enclosed switch-disconnectors, AC-22 switch rating",Europa,Contact Blocks,100
LB263AUXEM,4.96,Europa Neutral Pole (Early Make Late Break) LB263AUXEM,https://www.europa-plc.com/_uploads/europa/xLB263AUXEM_H_555_W_555.jpg.pagespeed.ic.iqdcXdgG7E.webp,"
				IEC & EN 60947-3, Neutral pole / fully rated, Rear mount for door interlock and enclosed switch-disconnectors, Colour coded in blue for easy identification, AC-22 switch rating",Europa,Contact Blocks,100
LB254PBB,26.25,Europa 4 Pole Larger Enclosured Switch-Disconnector (IP65) LB254PBB,https://www.europa-plc.com/_uploads/europa/LB254PBB_H_555_W_555.jpg,"
				IP65, 25mm cable entries, Robust resilient polycarbonate enclosure, UV resistant, Enclosure glow wire flammability rating 960 C, Padlockable in the OFF position for added security, AC-21 Switch Rating, H:175 x W:125 x D:90mm",Europa,Contact Blocks,100
LB2125AUXEM,11.89,Europa Neutral Pole (Early Make Late Break) LB2125AUXEM,https://www.europa-plc.com/_uploads/europa/xLB2125AUXEM_H_555_W_555.jpg.pagespeed.ic.iqdcXdgG7E.webp,"
				IEC & EN 60947-3, Neutral pole / fully rated, Rear mount for door interlock and enclosed switch-disconnectors, Colour coded in blue for easy identification, AC-22 switch rating",Europa,Contact Blocks,100
LB204P,16.45,Europa 4 Pole Switch Disconnector (IP65) LB204P,https://www.europa-plc.com/_uploads/europa/xLB204P_H_555_W_555.jpg.pagespeed.ic.UVprzC4Tag.webp,"
				



IP65, 20mm cable entries, Robust polycarbonate enclosure, UV resistant, Enclosure glow wire flammability rating 960 C, Halogen free, Lower smoke generation, Padlockable in the OFF position, AC-21 Switch Rating, H:125 x W:100 x D:74mm",Europa,Switch Disconnector,100
LB203PSN,16.45,Europa 3 Pole + Sw. Neutral Enclosed Switch-Disconnectors (IP65) LB203PSN,https://www.europa-plc.com/_uploads/europa/xLB203PSN_H_555_W_555.jpg.pagespeed.ic.UVprzC4Tag.webp,"
				IP65, Robust polycarbonate enclosure, UV Resistant, glow wire flammability rating 960 degree celcious, Halogen free, Lower smoke generation, Padlockable in the OFF position, Neutral contacts must be used when switching the neutral,H:125 x W:100 x D:74mm",Europa,Switch Disconnector,100
LB1603PNLME,408.49,Europa 3 Pole + Neutral Link Steel Enclosed Switch-Disconnectors (IP65) LB1603PNLME,https://www.europa-plc.com/_uploads/europa/xLB1603PNLME_H_555_W_555.jpg.pagespeed.ic.TcHrmKh2_8.webp,"
				IP65, Epoxy Coated Steel Enclosure, RAL 7035, Handle padlockable in the OFF position, Top & bottom gland plates, Fully rated neutral link, Door interlock with defeat mechanism, Tunnel Terminals, H:500 x W:400 x D:200mm",Europa,Switch Disconnector,100
LB1254P,105.12,Europa 4 Pole Enclosed Switch-Disconnectors (IP65) LB1254P,https://www.europa-plc.com/_uploads/europa/xLB1254P_H_555_W_555.jpg.pagespeed.ic.6lCbTim_k2.webp,"
				IP65, 25mm cable entries, Robust polycarbonate enclosure, UV resistant, Enclosure glow wire flammability rating 960 C, Halogen free, Lower smoke generation, Padlockable in the OFF position, AC-22 Switch Rating, H:280 x W:190 x D:130mm",Europa,Switch Disconnector,100
LB1253PSN,105.12,Europa 3 Pole + Sw. Neutral Enclosed Switch-Disconnectors (IP65) LB1253PSN,https://www.europa-plc.com/_uploads/europa/xLB1253PSN_H_555_W_555.jpg.pagespeed.ic.6lCbTim_k2.webp,"
				IP65, Robust polycarbonate enclosure, UV Resistant, glow wire flammability rating 960 degree celcious, Halogen free, Lower smoke generation, Padlockable in the OFF position, Neutral contacts must be used when switching the neutral, H:280 x W:190 x D:130mm",Europa,Switch Disconnector,100
LB1003PSN,87.60,Europa 3 Pole + Sw. Neutral Enclosed Switch-Disconnectors (IP65) LB1003PSN,https://www.europa-plc.com/_uploads/europa/xLB1003PSN_H_555_W_555.jpg.pagespeed.ic.6lCbTim_k2.webp,"
				IP65, Robust polycarbonate enclosure, UV Resistant, glow wire flammability rating 960 degree celcious, Halogen free, Lower smoke generation, Padlockable in the OFF position, Neutral contacts must be used when switching the neutral, H:280 x W:190 x D:130mm",Europa,Switch Disconnector,100
LA9-FF970,39.29,Europa Mechanical Interlocks for LC1 Contactors LA9-FF970,https://www.europa-plc.com/_uploads/europa/xLA9-FF970_H_555_W_555.jpg.pagespeed.ic.yZcSnWtDqF.webp,,Europa,Accessories,100
ISS324N,10.73,Europa IP44 Surface Sockets ISS324N,https://www.europa-plc.com/_uploads/europa/xISS324N_H_555_W_555.jpg.pagespeed.ic.MXLRvlfpbq.webp,"
				IEC 60309, Easy installation, Long life, High reliability, High quality housing, PG21 Cable Entries",Europa,Accessories,100
IPSW325N,12.64,Europa IP67 Panel Sockets IPSW325N,https://www.europa-plc.com/_uploads/europa/IPSW325N_H_555_W_555.jpg,"
				IEC 60309, Easy installation, Long life, High reliability, Suited to extreme conditions, High quality housing",Europa,Accessories,100
IPSW1255N,165.95,Europa IP67 Panel Sockets IPSW1255N,https://www.europa-plc.com/_uploads/europa/IPSW1255N_H_555_W_555.jpg,"
				IEC 60309, Easy installation, Long life, High reliability, Suited to extreme conditions, High quality housing",Europa,Accessories,100
IPS635N,32.55,Europa IP44 Panel Sockets IPS635N,https://www.europa-plc.com/_uploads/europa/xIPS635N_H_555_W_555.jpg.pagespeed.ic.A1OUySAbaC.webp,"
				IEC 60309, Easy installation, Long life, High reliability, High quality housing, PG21 Cable Entries",Europa,Accessories,100
GRG5M,36.17,Europa Metal Clad Garage Units (IP54) GRG5M,https://www.europa-plc.com/_uploads/europa/xGRG5M_H_555_W_555.jpg.pagespeed.ic.ZaCQsmQnM5.webp,"
				EN60898 & EN 61008 Compliant, IP40, 5 module metal clad enclosure with metal lid, Earth and neutral terminals included., H:240 x W:130 x D:85mm (105mm inc. lid), Terminal capacity: 16mm2 Stranded / 10mm2 Flex",Europa,Accessories,100
FR14GG50V32,2.02,Europa 14 x 51mm gL FR14GG50V32,https://www.europa-plc.com/_uploads/europa/xFR14GG50V32_H_555_W_555.jpg.pagespeed.ic.95pvAaQoV0.webp,"
				Rated at 500V 120kA",Europa,Fuse,100
EUR180.30/2A,74.42,Europa 2 Pole RCCB 10kA EUR180.30/2A,https://www.europa-plc.com/_uploads/europa/xEUR180.30-2A_H_555_W_555.jpg.pagespeed.ic.XKy0auc4Uo.webp,"
				EN 61008, 230V, Type A",Europa,RCCB,100
EUR163.30/2/110V,41.90,Europa 2 Pole RCCB 10kA EUR163.30/2/110V,https://www.europa-plc.com/_uploads/europa/EUR163.30-2-110V_H_555_W_555.jpg,"
				EN 61008, Type AC",Europa,RCCB,100
EUR125.30/2A,53.11,Europa 2 Pole RCCB 10kA EUR125.30/2A,https://www.europa-plc.com/_uploads/europa/xEUR125.30-2A_H_555_W_555.jpg.pagespeed.ic.XKy0auc4Uo.webp,"
				EN 61008, 230V, Type A",Europa,RCCB,100
EUR1100.30/2,78.53,Europa 2 Pole RCCB for TPN Boards (10kA) EUR1100.30/2,https://www.europa-plc.com/_uploads/www.europa-plc.com/EUR1100.302_H_555_W_555.jpg,"
				EN61008, 230V, Type AC, Terminal Capacity: 35mm2",Europa,RCCB,100
EUC6-125-4P,175.00,Europa 4 Pole Modular Contactor (6 Module) EUC6-125-4P,https://www.europa-plc.com/_uploads/europa/xEUC6-125-4P_H_555_W_555.jpg.pagespeed.ic.35FDlVmTkD.webp,"
				4 Pole / 6 Module, Width:108mm, Rated Insulation Voltage (Ui) 500V AC, Terminal Capacity: 2.5 - 25mm2",Europa,RCCB,100
EUC3P63B,28.10,Europa 3 Pole MCB 10kA B Curve EUC3P63B,https://www.europa-plc.com/_uploads/europa/EUC3P63B_H_555_W_555.jpg,"
				EN 60898, 10kA Rating",Europa,MCB,100
EUC3P32D,32.22,Europa 3 Pole MCB 10kA D Curve EUC3P32D,https://www.europa-plc.com/_uploads/europa/EUC3P32D_H_555_W_555.jpg,"
				EN 60898, 10kA Rating",Europa,MCB,100
EUC3P32B,28.10,Europa 3 Pole MCB 10kA B Curve EUC3P32B,https://www.europa-plc.com/_uploads/europa/EUC3P32B_H_555_W_555.jpg,"
				EN 60898, 10kA Rating",Europa,MCB,100
EUC3P20C,28.10,Europa 3 Pole MCB 10kA C Curve EUC3P20C,https://www.europa-plc.com/_uploads/europa/EUC3P20C_H_555_W_555.jpg,"
				EN 60898, 10kA Rating",Europa,MCB,100
EUC3-40-4NOB,83.71,Europa 4 Pole Modular Contactor (3 Module) EUC3-40-4NOB,https://www.europa-plc.com/_uploads/europa/xEUC3-40-4NOB_H_555_W_555.jpg.pagespeed.ic.YM06mKXryd.webp,"
				4 Pole / 3 Module, Width:54mm, Rated Insulation Voltage (Ui) 500V AC, Terminal Capacity: 2.5 - 25mm2",Europa,Accessories,100
EUC2P50C,20.43,Europa 2 Pole MCB 10kA C Curve EUC2P50C,https://www.europa-plc.com/_uploads/europa/EUC2P50C_H_555_W_555.jpg,"
				EN 60898, 10kA Rating",Europa,MCB,100
EUC2P4C,20.43,Europa 2 Pole MCB 10kA C Curve EUC2P4C,https://www.europa-plc.com/_uploads/europa/EUC2P4C_H_555_W_555.jpg,"
				EN 60898, 10kA Rating",Europa,MCB,100
EUC2P25D,24.26,Europa 2 Pole MCB 10kA D Curve EUC2P25D,https://www.europa-plc.com/_uploads/europa/EUC2P25D_H_555_W_555.jpg,"
				EN 60898, 10kA Rating",Europa,MCB,100
EUC2P10C,20.43,Europa 2 Pole MCB 10kA C Curve EUC2P10C,https://www.europa-plc.com/_uploads/europa/EUC2P10C_H_555_W_555.jpg,"
				EN 60898, 10kA Rating",Europa,MCB,100
EUC2-25-4P,52.04,Europa 4 Pole Modular Contactor (2 Module) EUC2-25-4P,https://www.europa-plc.com/_uploads/europa/xEUC2-25-4P_H_555_W_555.jpg.pagespeed.ic.kPu45m1hq6.webp,"
				4 Pole / 2 Module, Width:36mm, Rated Insulation Voltage (Ui) 500V AC, Terminal Capacity: 1.5 - 10mm2",Europa,Accessories,100
EUC1P32B,9.10,Europa 1 Pole MCB 10kA B Curve EUC1P32B,https://www.europa-plc.com/_uploads/europa/EUC1P32B_H_555_W_555.jpg,"
				EN 60898, 10kA Rating",Europa,MCB,100
EUC1P20B,9.10,Europa 1 Pole MCB 10kA B Curve EUC1P20B,https://www.europa-plc.com/_uploads/europa/EUC1P20B_H_555_W_555.jpg,"
				EN 60898, 10kA Rating",Europa,MCB,100
EUC1P10B,9.10,Europa 1 Pole MCB 10kA B Curve EUC1P10B,https://www.europa-plc.com/_uploads/europa/EUC1P10B_H_555_W_555.jpg,"
				EN 60898, 10kA Rating",Europa,MCB,100
EUC1-20-2NCB,32.28,Europa 2 Pole Modular Contactor (1 Module) EUC1-20-2NCB,https://www.europa-plc.com/_uploads/europa/xEUC1-20-2NCB_H_555_W_555.jpg.pagespeed.ic.twLbGM2ikK.webp,"
				2 Pole / 1 Module, Width: 18mm, Rated insulation voltage (Ui) 400V AC, Terminal capacity: 1.5 - 10mm2",Europa,Accessories,100
EUBLOCK,8.26,Europa Accessories for MCB EUBLOCK,https://www.europa-plc.com/_uploads/europa/xEUBLOCK_H_555_W_555.jpg.pagespeed.ic.RChTug78GD.webp,"
				Fits most breakers, Used to lock MCB s, RCBO s, RCCB s, & mainswitches in the ON or OFF positions.",Europa,Accessories,100
EUB16B,5.16,Europa 1 Pole MCB 6kA B Curve EUB16B,https://www.europa-plc.com/_uploads/europa/xEUB16B_H_555_W_555.jpg.pagespeed.ic.-UVBx99ZOb.webp,"
				EN 60898, 6kA Rating",Europa,MCB,100
EUB132B,5.16,Europa 1 Pole MCB 6kA B Curve EUB132B,https://www.europa-plc.com/_uploads/europa/EUB132B_H_555_W_555.jpg,"
				EN 60898, 6kA Rating",Europa,MCB,100
EUB116B,5.16,Europa 1 Pole MCB 6kA B Curve EUB116B,https://www.europa-plc.com/_uploads/europa/EUB116B_H_555_W_555.jpg,"
				EN 60898, 6kA Rating",Europa,MCB,100
EUB110B,5.16,Europa 1 Pole MCB 6kA B Curve EUB110B,https://www.europa-plc.com/_uploads/europa/xEUB110B_H_555_W_555.jpg.pagespeed.ic.-UVBx99ZOb.webp,"
				EN 60898, 6kA Rating",Europa,MCB,100
ELCU16SP17/80,97.88,Europa E-Line Consumer Unit (IP40) ELCU16SP17/80,https://www.europa-plc.com/_uploads/europa/ELCU16SP17-80_H_555_W_555.jpg,"
				IP40, All RCD s 30mA, Knock-outs for trunking, Earth and neutral busbars included, Drop down padlockable lid with magnetic latch, Rear open frame enclosure for easy wiring, H:249 x W:365 x D:107mm",Europa,Accessories,100
ELCU16R,77.39,Europa E-Line Consumer Unit (IP40) ELCU16R,https://www.europa-plc.com/_uploads/europa/ELCU16R_H_555_W_555.jpg,"
				IP40, All RCD s 30mA, Knock-outs for trunking, Earth and neutral busbars included, Drop down padlockable lid with magnetic latch, Rear open frame enclosure for easy wiring, H:249 x W:365 x D:107mm",Europa,Accessories,100
ECUBPD,1.13,Europa Din Rail Mounted Blank ECUBPD,https://www.europa-plc.com/_uploads/europa/xECUBPD_H_555_W_555.jpg.pagespeed.ic.WvSWL11WvJ.webp,"
				Din rail mounting / Will fit most modern boards & top hat din rail, Includes ventilation slots designed to dissipate heat when used to separate modular contactors.",Europa,Accessories,100
ECPF03,22.09,Europa Phase Failure Relays ECPF03,https://www.europa-plc.com/_uploads/europa/ECPF03_H_555_W_555.jpg,"
				IP40 for front panel / IP20 terminals, Output: 1 x SPDT , Current rating: 10A / AC-1, Module widtH:17.5mm, Din rail mounting, Operating temperature -20 to +55 C",Europa,Accessories,100
EC4,3.43,Europa Open Front Modular Enclosures (IP20) EC4,https://www.europa-plc.com/_uploads/europa/xEC4_H_555_W_555.jpg.pagespeed.ic.YPkCFCXel1.webp,"
				IP20",Europa,Accessories,100
CDL-4U-EP,0.38,Europa End Plates (EPDBL4UGY) CDL-4U-EP,https://www.europa-plc.com/_uploads/europa/xCDL-4U-EP_H_555_W_555.jpg.pagespeed.ic.AJ5fKSu5mB.webp,"
				End Plates are used to cover the live parts of the last terminal block making the assembly finger safe",Europa,Accessories,100
CBR125-3PNL-25AT-MC,"1,365.63",Europa 3 Pole + Neutral Link Enclosed CBR CBR125-3PNL-25AT-MC,https://www.europa-plc.com/_uploads/europa/xCBR125-3PNL-25AT-MC_H_555_W_555.jpg.pagespeed.ic.XTxYmHP-tR.webp,"
				IEC 60947-2, Top & bottom gland plates, c/w IP2X input and output terminal shrouds, Terminal extension bars fitted, Fully rated neutral link, Adjustable thermal & fixed magnetic protection, padlockable handle, All ratings at 400/415V AC 50/60Hz",Europa,Accessories,100
BTTM42V630,115.62,Europa TTM BTTM42V630,https://www.europa-plc.com/_uploads/europa/xBTTM42V630_H_555_W_555.jpg.pagespeed.ic.Mc8Lnx4hV8.webp,"
				415V AC 80kA / 240V DC 40kA, Fixing centres: 133mm inner holes / 184mm outer holes, Diameter: 74.4mm (Size C2), ASTA 20 Certified",Europa,Fuse,100
BTIS42V63,9.80,Europa TIS BTIS42V63,https://www.europa-plc.com/_uploads/europa/xBTIS42V63_H_555_W_555.jpg.pagespeed.ic.-02OFJhe16.webp,"
				415V AC 80kA / 240V DC 40kA, Fixing centres: 73mm / Diameter: 17.1mm (Size A3C), ASTA 20 Certified",Europa,Fuse,100
BTIA42V32M40,9.00,Europa TIA BTIA42V32M40,https://www.europa-plc.com/_uploads/europa/BTIA42V32M40_H_555_W_555.jpg,"
				550Vcc 80kA / 250V DC 40kA, Fixing centres: 73mm / Diameter: 21mm, ASTA 20 Certified",Europa,Fuse,100
BTFP42V125,31.22,Europa TFP BTFP42V125,https://www.europa-plc.com/_uploads/europa/xBTFP42V125_H_555_W_555.jpg.pagespeed.ic.RKOo3irpQA.webp,"
				415V AC 80kA / 250V DC 40kA, Fixing centres: 94mm / Diameter: 31mm, ASTA 20 Certified",Europa,Fuse,100
BNIT55V20,4.22,Europa NIT BNIT55V20,https://www.europa-plc.com/_uploads/europa/xBNIT55V20_H_555_W_555.jpg.pagespeed.ic.JI1FT8rCAC.webp,"
				550V AC 80kA / 250V DC 40kA, Fixing centres: 44.5mm / Diameter: 13.5mm (Size A1), ASTA 20 Certified",Europa,Fuse,100
BNIT55V16,4.22,Europa NIT BNIT55V16,https://www.europa-plc.com/_uploads/europa/BNIT55V16_H_555_W_555.jpg,"
				550V AC 80kA / 250V DC 40kA, Fixing centres: 44.5mm / Diameter: 13.5mm (Size A1), ASTA 20 Certified",Europa,Fuse,100
BNEUTRALA4,3.45,Europa Solid Link A4 BNEUTRALA4,https://www.europa-plc.com/_uploads/europa/BNEUTRALA4_H_555_W_555.jpg,"
				BS88 Bolted Type",Europa,Accessories,100
BNEUTRALA3,3.16,Europa Solid Link A3 BNEUTRALA3,https://www.europa-plc.com/_uploads/europa/xBNEUTRALA3_H_555_W_555.jpg.pagespeed.ic.iDErK6jQS4.webp,"
				BS88 Bolted Type",Europa,Accessories,100
BA9LED4P,1.90,Europa LED BA9 Bayonet (10 x 23mm) BA9LED4P,https://www.europa-plc.com/_uploads/europa/xBA9LED4P_H_555_W_555.jpg.pagespeed.ic.9598f3zBSP.webp,"
				AC/DC, Long life: 30,000 Hours, Operating temperature: -25 C to + 55 C",Europa,Lamp,100
70-007-65/5A,0.31,Europa 5 x 20mm (T) Slow Blow Ceramic Miniature Fuse 70-007-65/5A,https://www.europa-plc.com/_uploads/europa/70-007-65-5A_H_555_W_555.jpg,"
				250V",Europa,Fuse,100
70-007-65/3.15A,0.31,Europa 5 x 20mm (T) Slow Blow Ceramic Miniature Fuse 70-007-65/3.15A,https://www.europa-plc.com/_uploads/europa/70-007-65-3.15A_H_555_W_555.jpg,"
				250V",Europa,Fuse,100
70-007-65/1A,0.31,Europa 5 x 20mm (T) Slow Blow Ceramic Miniature Fuse 70-007-65/1A,https://www.europa-plc.com/_uploads/europa/70-007-65-1A_H_555_W_555.jpg,"
				250V",Europa,Fuse,100
70-007-33/3.15A,0.31,Europa 5 x 20mm (F) Quick Blow Ceramic Miniature Fuse 70-007-33/3.15A,https://www.europa-plc.com/_uploads/europa/70-007-33-3.15A_H_555_W_555.jpg,"
				250V",Europa,Fuse,100
70-007-33/2.5A,0.31,Europa 5 x 20mm (F) Quick Blow Ceramic Miniature Fuse 70-007-33/2.5A,https://www.europa-plc.com/_uploads/europa/70-007-33-2.5A_H_555_W_555.jpg,"
				250V",Europa,Fuse,100
70-007-33/1A,0.31,Europa 5 x 20mm (F) Quick Blow Ceramic Miniature Fuse 70-007-33/1A,https://www.europa-plc.com/_uploads/europa/70-007-33-1A_H_555_W_555.jpg,"
				250V",Europa,Fuse,100
70-001-35/3.15A,0.20,Europa 5 x 20mm (T) Slow Blow Glass Miniature Fuse 70-001-35/3.15A,https://www.europa-plc.com/_uploads/europa/70-001-35-3.15A_H_555_W_555.jpg,"
				250V",Europa,Fuse,100
70-001-34/0.5A,0.18,Europa 5 x 20mm (F) Quick Blow Glass Miniature Fuse 70-001-34/0.5A,https://www.europa-plc.com/_uploads/europa/70-001-34-0.5A_H_555_W_555.jpg,"
				250V",Europa,Fuse,100
642814,"1,249.33",Europa 3 Pole CBR (MCCB + RCD) 642814,https://www.europa-plc.com/_uploads/europa/x642814_H_555_W_555.jpg.pagespeed.ic.7kPIlWksiJ.webp,"
				IEC 60947-2, Adjustable thermal (0.63 to 1 x In) and fixed magnetic protection., Adjustable residual current (30mA-3A) and adjustable time delay (0-700mS)., All ratings at 400/415V AC 50/60Hz",Europa,Switch Disconnector,100
596773,345.99,Europa 4 Pole MCCB's 596773,https://www.europa-plc.com/_uploads/europa/x596773_H_555_W_555.jpg.pagespeed.ic.vw6gkc5clA.webp,"
				IEC 60947-2, Adjustable thermal (0.63 to 1 x In), Fixed magnetic protection, All ratings at 400/415V AC 50/60Hz",Europa,Switch Disconnector,100
50-142-06/63A,28.67,Europa 22 x 58mm uR (Ultra Rapid + Striker) Ceramic Fuse 690V 50-142-06/63A,https://www.europa-plc.com/_uploads/europa/50-142-06-63A_H_555_W_555.jpg,"
				EN 60269-4, IEC 60269-4, VDE 0636-4, UL 248-13, Breaking capacity: 200kA - 700Vac, With striker",Europa,Fuse,100
50-124-06/10A,12.07,Europa 14 x 51mm uR (Ultra Rapid) Ceramic Fuse 690V 50-124-06/10A,https://www.europa-plc.com/_uploads/europa/50-124-06-10A_H_555_W_555.jpg,"
				IEC 60269-4, VDE 0636-4, UL 248-13, Breaking capacity: 200kA",Europa,Fuse,100
20-004-13/400A,25.31,Europa NH2 gL (General Line) Fuse 500V 20-004-13/400A,https://www.europa-plc.com/_uploads/europa/x20-004-13-400A_H_555_W_555.jpg.pagespeed.ic.H5FZIs_MAZ.webp,"
				With combi indicator, W:53 x H:59 x L: 150mm, IEC 60269-2, VDE 0636 part 2",Europa,Fuse,100
20-004-13/200A,19.16,Europa NH2 gL (General Line) Fuse 500V 20-004-13/200A,https://www.europa-plc.com/_uploads/europa/x20-004-13-200A_H_555_W_555.jpg.pagespeed.ic.H5FZIs_MAZ.webp,"
				With combi indicator, W:53 x H:59 x L: 150mm, IEC 60269-2, VDE 0636 part 2",Europa,Fuse,100
20-002-13/80A,13.31,Europa NH0 gL (General Line) Fuse 500V 20-002-13/80A,https://www.europa-plc.com/_uploads/europa/20-002-13-80A_H_555_W_555.jpg,"
				With combi indicator, W:29.5 x H:46 x L: 125mm, IEC 60269-2 , VDE 0636 part 6",Europa,Fuse,100
,,,,,,,
,,,,,,,
,,,,,,,
,,,,,,,
,,,,,,,
,,,,,,,
,,,,,,,
,,,,,,,
,,,,,,,
,,,,,,,
,,,,,,,
,,,,,,,
,,,,,,,
,,,,,,,
,,,,,,,
,,,,,,,
,,,,,,,
,,,,,,,
,,,,,,,
,,,,,,,
,,,,,,,
,,,,,,,
,,,,,,,
,,,,,,,
,,,,,,,
,,,,,,,
,,,,,,,
,,,,,,,
,,,,,,,
,,,,,,,
,,,,,,,
,,,,,,,
,,,,,,,
,,,,,,,
,,,,,,,
,,,,,,,
,,,,,,,
,,,,,,,
,,,,,,,
,,,,,,,
,,,,,,,
,,,,,,,
,,,,,,,
,,,,,,,
,,,,,,,
,,,,,,,
,,,,,,,
,,,,,,,
,,,,,,,
,,,,,,,
,,,,,,,
,,,,,,,
,,,,,,,
,,,,,,,
,,,,,,,
,,,,,,,
,,,,,,,
,,,,,,,
,,,,,,,
,,,,,,,
,,,,,,,
,,,,,,,
,,,,,,,
,,,,,,,
,,,,,,,
,,,,,,,
,,,,,,,
,,,,,,,
,,,,,,,
,,,,,,,
,,,,,,,
,,,,,,,
,,,,,,,
,,,,,,,
,,,,,,,
,,,,,,,
,,,,,,,
,,,,,,,
,,,,,,,
,,,,,,,
,,,,,,,
,,,,,,,
,,,,,,,
,,,,,,,
,,,,,,,
,,,,,,,
,,,,,,,
,,,,,,,
,,,,,,,
,,,,,,,
,,,,,,,
,,,,,,,
,,,,,,,
,,,,,,,
,,,,,,,
,,,,,,,
,,,,,,,
,,,,,,,
,,,,,,,
,,,,,,,
,,,,,,,
,,,,,,,
,,,,,,,
,,,,,,,
,,,,,,,
,,,,,,,
,,,,,,,
,,,,,,,
,,,,,,,
,,,,,,,
,,,,,,,
,,,,,,,
,,,,,,,
,,,,,,,
,,,,,,,
,,,,,,,
,,,,,,,
,,,,,,,
,,,,,,,
,,,,,,,
,,,,,,,
,,,,,,,
,,,,,,,
,,,,,,,
,,,,,,,
,,,,,,,
